insert into users(id, name, email) values(1,'Siva','siva@gmail.com');
insert into users(id, name, email) values(2,'Prasad','prasad@gmail.com');
insert into users(id, name, email) values(3,'Reddy','reddy@gmail.com');

/*
INSERT INTO `os` (`id`, `name`) VALUES
  ('1', 'Android 2.1'),
  ('2', 'Android 2.2'),
  ('3', 'Android 2.3'),
  ('0', 'Android 3.0');

INSERT INTO `primary` (`id`, `name`) VALUES
  ('0', ''),
  ('1', '3.0 megapixels'),
  ('2', '3.2 megapixels'),
  ('3', '5.0 megapixels'),
  ('4', '8.0 megapixels');
INSERT INTO `bluetooth` (`id`, `name`) VALUES
  ('1', 'Bluetooth 2.1'),
  ('2', 'Bluetooth 2.0'),
  ('3', 'Bluetooth 3.0');

INSERT INTO `wifi` (`id`, `name`) VALUES
  ('1', '802.11 b/g'),
  ('2', '802.11 b/g/n'),
  ('3', '802.11 a/b/g/n');
INSERT INTO `audioJack` (`id`, `name`) VALUES
  ('0', ''),
  ('1', '3.5mm');
INSERT INTO `usb` (`id`, `name`) VALUES
  ('1', 'USB 2.0');
*/

/*
INSERT INTO `os` (`id`, `name`) VALUES
  ('0', 'Android 2.1'),
  ('1', 'Android 2.2'),
  ('2', 'Android 2.3'),
  ('3', 'Android 3.0');
*/

INSERT INTO `os` (`id`, `name`) VALUES
  ('0', 'Android 2.1'),
  ('1', 'Android 2.2'),
  ('2', 'Android 2.3'),
  ('3', 'Android 3.0');
INSERT INTO `primary` (`id`, `name`) VALUES
  ('0', ''),
  ('1', '3.0 megapixels'),
  ('2', '3.2 megapixels'),
  ('3', '5.0 megapixels'),
  ('4', '8.0 megapixels');
INSERT INTO `bluetooth` (`id`, `name`) VALUES
  ('0', 'Bluetooth 2.1'),
  ('1', 'Bluetooth 2.0'),
  ('2', 'Bluetooth 3.0');

INSERT INTO `wifi` (`id`, `name`) VALUES
  ('0', '802.11 b/g'),
  ('1', '802.11 b/g/n'),
  ('2', '802.11 a/b/g/n');
INSERT INTO `audioJack` (`id`, `name`) VALUES
  ('0', ''),
  ('1', '3.5mm');
INSERT INTO `usb` (`id`, `name`) VALUES
  ('0', 'USB 2.0');

INSERT INTO `PhoneDetail` VALUES
  ('Sensors: proximity, ambient light, barometer, gyroscope',
 '3',
'Honeycomb',
'336 hours',
'24 hours',
'Other ( mAH)',
'3',
'0',
'',
true,
false,
'1',
'Motorola XOOM with Wi-Fi has a super-powerful dual-core processor and Android™ 3.0 (Honeycomb) — the Android platform designed specifically for tablets. With its 10.1-inch HD widescreen display, you’ll enjoy HD video in a thin, light, powerful and upgradeable tablet.',
'WXGA (1200 x 800)',
'10.1 inches',
true,
true,
'1',
'1 GHz Dual Core Tegra 2',
false,
false,
'0',
'123',
'Motorola XOOM™ with Wi-Fi',
'708.0 grams',
'32000MB',
'1000MB'
),

  ('Front-facing camera. Sensors: proximity, ambient light, barometer, gyroscope.',
 '3',
'Android',
'336 hours',
'24 hours',
'Other (3250 mAH)',
'3',
'0',
'CDMA 800 /1900 LTE 700, Rx diversity in all bands',
true,
false,
'2',
'MOTOROLA XOOM has a super-powerful dual-core processor and Android™ 3.0 (Honeycomb) — the Android platform designed specifically for tablets. With its 10.1-inch HD widescreen display, you’ll enjoy HD video in a thin, light, powerful and upgradeable tablet.',
'WXGA (1200 x 800)',
'10.1 inches',
true,
true,
'1',
'1 GHz Dual Core Tegra 2',
false,
false,
'0',
'124',
'MOTOROLA XOOM™',
'726.0 grams',
'32000MB',
'1000MB'
),

   ('',
 '1',
'MOTOBLUR',
'400 hours',
'5 hours',
'Lithium Ion (Li-Ion) (1930 mAH)',
'0',
'0',
'WCDMA 850/1900/2100, GSM 850/900/1800/1900, HSDPA 14Mbps (Category 10) Edge Class 12, GPRS Class 12, eCompass, AGPS',
true,
false,
'2',
'MOTOROLA ATRIX 4G gives you dual-core processing power and the revolutionary webtop application. With webtop and a compatible Motorola docking station, sold separately, you can surf the Internet with a full Firefox browser, create and edit docs, or access multimedia on a large screen almost anywhere.',
'QHD (960 x 540)',
'4.0 inches',
true,
true,
'1',
'1 GHz Dual Core',
false,
false,
'0',
'125',
'MOTOROLA ATRIX™ 4G',
'135.0 grams',
'',
''
),

   ('Front Facing 1.3MP Camera',
 '1',
'Dell Stage',
'',
'',
'Lithium Ion (Li-Ion) (2780 mAH)',
'3',
'0',
'T-mobile HSPA+ @ 2100/1900/AWS/850 MHz',
true,
false,
'0',
'Introducing Dell™ Streak 7. Share photos, videos and movies together. It’s small enough to carry around, big enough to gather around. Android™ 2.2-based tablet with over-the-air upgrade capability for future OS releases.  A vibrant 7-inch, multitouch display with full Adobe® Flash 10.1 pre-installed.  Includes a 1.3 MP front-facing camera for face-to-face chats on popular services such as Qik or Skype.  16 GB of internal storage, plus Wi-Fi, Bluetooth and built-in GPS keeps you in touch with the world around you.  Connect on your terms. Save with 2-year contract or flexibility with prepaid pay-as-you-go plans',
'WVGA (800 x 480)',
'7.0 inches',
true,
true,
'1',
'nVidia Tegra T20',
false,
false,
'0',
'126',
'Dell Streak 7',
'450.0 grams',
'16000MB',
'512MB'
),

   ('3.2” Full touch screen with Advanced anti smudge, anti reflective and anti scratch glass; Swype text input for easy and fast message creation; multiple messaging options, including text with threaded messaging for organized, easy-to-follow text; Social Community support, including Facebook and MySpace; Next generation Address book; Visual Voice Mail\n',
 '0',
'TouchWiz',
'800 hours',
'7 hours',
'Nickel Cadmium (NiCd) (1500 mAH)',
'1',
'2',
'3G/CDMA : 850MHz/1900MHz\n',
true,
false,
'0',
'The Samsung Gem™ maps a route to a smarter mobile experience. By pairing one of the fastest processors in the category with the Android™ platform, the Gem delivers maximum multitasking speed and social networking capabilities to let you explore new territory online. A smart phone at an even smarter price is a real find, so uncover the Gem and discover what’s next.',
'WQVGA (400 x 240)',
'3.2 inches',
true,
true,
'1',
'800 MHz',
false,
false,
'0',
'127',
'Samsung Gem™',
'110.0 grams',
'220MB',
'256MB'
),

   ('Gorilla Glass display, Dedicated Camera Key, Ring Silence Switch, Swype keyboard.',
 '1',
'Dell Stage',
'400 hours',
'7 hours',
'Lithium Ion (Li-Ion) (1400 mAH)',
'4',
'0',
'850/1900/2100 3G; 850/900/1800/1900 GSM/GPRS/EDGE\n900/1700/2100 3G; 850/900/1800/1900 GSM/GPRS/EDGE',
true,
false,
'1',
'The Venue is the perfect one-touch, Smart Phone providing instant access to everything you love. All of Venue''s features make it perfect for on-the-go students, mobile professionals, and active social communicators who love style and performance.\n\nElegantly designed, the Venue offers a vibrant, curved glass display that’s perfect for viewing all types of content. The Venue’s slender form factor feels great in your hand and also slips easily into your pocket.  A mobile entertainment powerhouse that lets you download the latest tunes from Amazon MP3 or books from Kindle, watch video, or stream your favorite radio stations.  All on the go, anytime, anywhere.',
'WVGA (800 x 480)',
'4.1 inches',
true,
true,
'1',
'1 Ghz processor',
false,
false,
'0',
'128',
'Dell Venue',
'164.0 grams',
'1000MB',
'512MB'
),


   ('Contour Display, Near Field Communications (NFC), Three-axis gyroscope, Anti-fingerprint display coating, Internet Calling support (VoIP/SIP)',
 '2',
'Android',
'428 hours',
'6 hours',
'Lithium Ion (Li-Ion) (1500 mAH)',
'3',
'0',
'Quad-band GSM: 850, 900, 1800, 1900\r\nTri-band HSPA: 900, 2100, 1700\r\nHSPA type: HSDPA (7.2Mbps) HSUPA (5.76Mbps)',
true,
false,
'1',
'Nexus S is the next generation of Nexus devices, co-developed by Google and Samsung. The latest Android platform (Gingerbread), paired with a 1 GHz Hummingbird processor and 16GB of memory, makes Nexus S one of the fastest phones on the market. It comes pre-installed with the best of Google apps and enabled with new and popular features like true multi-tasking, Wi-Fi hotspot, Internet Calling, NFC support, and full web browsing. With this device, users will also be the first to receive software upgrades and new Google mobile apps as soon as they become available. For more details, visit http://www.google.com/nexus.',
'WVGA (800 x 480)',
'4.0 inches',
true,
true,
'1',
'1GHz Cortex A8 (Hummingbird) processor',
false,
false,
'0',
'129',
'Nexus S',
'129.0 grams',
'16384MB',
'512MB'
),


   ('Accessibility features: Tactile QWERTY keyboard, four-direction keypad, start and end call buttons, dedicated number keys, camera button, TalkBack screen reader',
 '0',
'LG Home',
'500 hours',
'8 hours',
'Lithium Ion (Li-Ion) (1500 mAH)',
'1',
'0',
'Quad-band GSM: 850, 900, 1800, 1900\r\nTri-band HSPA: 900, 2100, 1700\r\nHSPA type: HSDPA (7.2Mbps) HSUPA (5.76Mbps)',
true,
false,
'0',
'Android plus QWERTY is a powerful duo. LG Axis melds a speedy UI with the limitless micro-entertainment of 80,000+ apps including voice-activated Google. Feel the tactile vibration on its tempered glass touchscreen. Take the fuzziness out of your fun with a 3.2MP camera that does 360° panoramics. And customize your home screens with shortcuts to your apps, favorites, and widgets. It''s the centerpiece of your life.',
'WVGA (800 x 480)',
'3.2 inches',
true,
true,
'1',
'600 MHz Qualcomm MSM7627',
false,
true,
'0',
'221',
'LG Axis',
'158.0 grams',
'126MB',
'256MB'
),

   ('Adobe® Flash® Player compatible; 1.3MP front-facing camera for video chat; eReader pre-loaded; Swype text input technology\r\n',
 '1',
'TouchWiz',
'780 hours',
'',
'Lithium Ion (Li-Ion) (4000 mAH)',
'1',
'2',
'AT&T: GSM/EDGE : 850/900/1800/1900; 3G : 850/1900/2100\r\n\r\nSprint: CDMA : 850/1900MHz\r\n\r\nT-Mobile: GSM/EDGE : 850/900/1800/1900; 3G : 1700/1900\r\n\r\nVerizon: CDMA : 800MHz/1900MHz',
true,
false,
'1',
'Feel Free to Tab™. The Samsung Galaxy Tab™, the tablet device that delivers enhanced capabilities with advanced mobility, has a large, perfectly sized, 7.0\" screen that offers plenty of room for the thousands of interactive games and apps available for the Android™ platform, and its slim design makes it perfect for travel and one-handed grip. Use the Galaxy Tab to relax and enjoy an e-book, watch rich video or full web content with its Adobe® Flash® Player compatibility, video chat using the front-facing camera, or send user-generated content wirelessly to other devices like your TV via AllShare™.  With so many options for customization and interactivity, the Galaxy Tab gives you everything you want, anywhere you go…Feel Free to Tab™.',
'WSVGA (1024 x 600)',
'7.0 inches',
true,
true,
'1',
'1GHz',
false,
false,
'0',
'222',
'Samsung Galaxy Tab™',
'379.88 grams',
'16384MB',
'640MB'
),

   ('Swype',
 '0',
'TouchWiz',
'800 hours',
'7 hours',
'Lithium Ion (Li-Ion) (1500 mAH)',
'3',
'2',
'3G : 900MHz/1900MHz\nCDMA : 800MHz/1900MHz',
true,
false,
'1',
'Experience entertainment in a whole new light. The stylish and slim Samsung Showcase™, with its vivid 4-inch Super AMOLED™ display, makes everything from Hollywood blockbusters to music videos to Amazon’s bestsellers look absolutely brilliant – even outside in the sun. Android™ Market rockets you into a universe filled with equally brilliant apps; download them at blistering speeds thanks to the powerful 1GHz Hummingbird processor. Keep your social life organized and continuously updated with the pre-loaded social networking apps, while uploading all the 5.0MP pics you’ve snapped and 720p HD videos you’ve recorded',
'WVGA (800 x 480)',
'4.0 inches',
true,
true,
'1',
'1 GHz',
false,
false,
'0',
'223',
'Samsung Showcase™ a Galaxy S™ phone',
'118.0 grams',
'2048MB',
'512MB'
),

   ('Adobe Flash Player 10, Quadband GSM Worldphone, Advance Business Security, Complex Password Secure, Review & Edit Documents with Quick Office, Personal 3G Mobile Hotspot for up to 5 WiFi enabled Devices, Advanced Social Networking brings all social content into a single homescreen widget',
 '1',
'',
'230 hours',
'8 hours',
'Lithium Ion (Li-Ion) (1400 mAH)',
'3',
'0',
'WCDMA 850/1900/2100, CDMA 800/1900, GSM 850/900/1800/1900, HSDPA 10.2 Mbps (Category 9/10), CDMA EV-DO Release A, EDGE Class 12, GPRS Class 12, HSUPA 1.8 Mbps',
true,
false,
'1',
'With Quad Band GSM, the DROID 2 Global can send email and make and receive calls from more than 200 countries. It features an improved QWERTY keyboard, super-fast 1.2 GHz processor and enhanced security for all your business needs.',
'FWVGA (854 x 480)',
'3.7 inches',
true,
true,
'1',
'1.2 GHz TI OMAP',
false,
true,
'0',
'224',
'DROID™ 2 Global by Motorola',
'169.0 grams',
'8192MB',
'512MB'
),

   ('Adobe Flash Player 10, Quadband GSM Worldphone, Advance Business Security, Complex Password Secure, Review & Edit Documents with Quick Office, Personal 3G Mobile Hotspot for up to 5 WiFi enabled Devices, Advanced Social Networking brings all social content into a single homescreen widget',
 '1',
'',
'330 hours',
'7 hours',
'Lithium Ion (Li-Ion) (1400 mAH)',
'3',
'0',
'800/1900 CDMA EVDO Rev. A with dual diversity antenna, 850/900/1800/1900MHz GSM, GPRS Class 12, EDGE Class 12, 850/1900/2100 WCDMA (category 9/10), HSDPA 10.2mbps, HSUPA 1.8 mbps',
true,
false,
'1',
'Access your work directory, email or calendar with DROID Pro by Motorola., an Android-for-business smartphone with corporate-level security. It features both a QWERTY keyboard and touchscreen, a speedy 1 GHz processor and Adobe® Flash® Player 10.',
'HVGA (480 x 320)',
'3.1 inches',
true,
true,
'1',
'1 GHz TI OMAP',
false,
true,
'0',
'225',
'DROID™ Pro by Motorola',
'134.0 grams',
'2048MB',
'512MB'
),

   ('Adobe® Flash® Lite® 3, DNLA, CrystalTalk™ PLUS technology',
 '0',
'MOTOBLUR™',
'216 hours',
'6 hours',
'Lithium Ion (Li-Ion) (1540 mAH)',
'1',
'0',
'WCDMA 850/1900, GSM 850/900/1800/1900, HSDPA 7.2 Mbps (Category 7/8), EDGE Class 12, GPRS Class 12, HSUPA 2.0 Mbps',
true,
false,
'1',
'MOTOROLA BRAVO™ with MOTOBLUR™ with its large 3.7-inch touchscreen and web-browsing capabilities is sure to make an impression.  And it keeps your life updated and secure through MOTOBLUR.',
'WVGA (800 x 480)',
'3.7 inches',
true,
true,
'1',
'800 Mhz',
true,
false,
'0',
'226',
'MOTOROLA BRAVO™ with MOTOBLUR™',
'130.0 grams',
'',
''
),

   ('Blockbuster On Demand® movies and music downloads with connected music player\nWater-resistant and dustproof',
 '0',
'MOTOBLUR',
'400 hours',
'6 hours',
'Lithium Ion (Li-Ion) (1540 mAH)',
'3',
'0',
'WCDMA 850/1700/2100, GSM 850/900/1800/1900, HSDPA 7.2 Mbps (Category 7/8), EDGE Class 12, GPRS Class 12, HSUPA 2.0 Mbps',
true,
false,
'1',
'DEFY with MOTOBLUR is ready for everything life throws your way. It''s water-resistant and dustproof, with plenty of entertainment options; and, with MOTOBLUR, it automatically delivers messages and status updates right to your home screen.',
'FWVGA (854 x 480)',
'3.7 inches',
true,
true,
'1',
'800 MHz TI OMAP3610',
false,
false,
'0',
'227',
'Motorola DEFY™ with MOTOBLUR™',
'118.0 grams',
'2000MB',
'512MB'
),

   ('Mobile Video Chat, HD Camcorder, Screen Share (DLNA), Genius Button, Wi-Fi Calling, Wi-Fi HotSpot, T-Mobile TV, Slacker Radio, Rock Band, Monopoly, Asphalt 5, myModes, Faves Gallery',
 '1',
'HTC Sense™',
'285 hours',
'7 hours',
'Lithium Ion (Li-Ion) (1400 mAH)',
'3',
'1',
'GSM: 850, 900, 1800, 1900; UMTS: Band I/IV',
true,
false,
'1',
'The myTouch 4G lets you connect fast, communicate easily, and share—all on America’s largest 4G network.\n\nBuilt with families in mind, the newest T-Mobile myTouch 4G helps solve the challenges of staying physically and emotionally connected by sharing photos and video with the HD Camcorder, spontaneous face-to-face conversations through Video Chat, and the ability to reach 4G speeds on T-Mobile’s HSPA+ network.',
'WVGA (800 x 480)',
'3.8 inches',
true,
false,
'1',
'2nd Generation 1GHz Qualcomm Snapdragon MSM8255',
false,
false,
'0',
'228',
'T-Mobile myTouch 4G',
'156.0 grams',
'1100MB',
'768MB'
),

   ('Swype',
 '0',
'TouchWiz',
'1000 hours',
'7 hours',
'Lithium Ion (Li-Ion) (1500 mAH)',
'3',
'2',
'3G :800MHz/1900MHz\nCDMA :800MHz/1900MHz',
true,
false,
'1',
'Experience entertainment in a whole new light. The stylish and slim Samsung Mesmerize™, with its vivid 4-inch Super AMOLED™ display, makes everything from Hollywood blockbusters to music videos to Amazon’s bestsellers look absolutely brilliant – even outside in the sun. Android™ Market rockets you into a universe filled with equally brilliant apps; download them at blistering speeds thanks to the powerful 1GHz Hummingbird processor. Keep your social life organized and continuously updated with the pre-loaded social networking apps, while uploading all the 5.0MP pics you’ve snapped and 720p HD videos you’ve recorded.',
'WVGA (800 x 480)',
'4.0 inches',
true,
true,
'0',
'1GHz',
false,
false,
'0',
'229',
'Samsung Mesmerize™ a Galaxy S™ phone',
'118.0 grams',
'2048MB',
'512MB'
),

   ('Trackball Navigation Control',
 '1',
'',
'',
'4 hours',
'Lithium Ion (Li-Ion) (1130 mAH)',
'2',
'0',
'CDMA2000 1xEV-DO Rev.A',
true,
false,
'0',
'Zio uses CDMA2000 1xEV-DO rev. A and Wi-Fi technologies and features a 3.5-inch WVGA touch-screen display as a backdrop for a fully customizable mobile multimedia experience.  Along with the touch-screen, a trackball helps users navigate features such as the 3.2 MP camera with video record/playback, media player and full HTML Web browser.  Zio supports up to 32GB through its external microSD memory slot.',
'WVGA (800 x 480)',
'3.5 inches',
true,
true,
'1',
'600MHz Qualcomm MSM7627',
false,
false,
'0',
'321',
'SANYO ZIO',
'105.0 grams',
'130MB',
'256MB'
),

   ('Access to Sprint ID Service Packs, front and rear facing cameras\n',
 '0',
'Stock Android + Sprint ID Pack',
'930 hours',
'9 hours',
'Lithium Ion (Li-Ion) (1500 mAH)',
'1',
'0',
'800Mhz, 1900MHz',
true,
false,
'1',
'Change your perspective.  The Samsung Transform™ is an Android powered device that delivers the truly customizable experience you want your phone to provide.  Enjoy a new and easy way to personalize your device for business or for entertainment, showcasing your own favorite theme and more through the new open software platform and the ability to download individual ‘Sprint ID Service Packs’ that combine and deliver multiple content items and applications specifically for the features you want.  Combine this with the 3.5” touch display, QWERTY keyboard, high-speed processor, and both a front and rear facing camera to bring your unique mobile experience to life.',
'HVGA (480 x 320)',
'3.5 inches',
true,
true,
'1',
'800 MHz',
false,
true,
'0',
'322',
'Samsung Transform™',
'148.0 grams',
'180MB',
'384MB'
),

   ('Accessibility features: tactile QWERTY keyboard, trackpad, three programmable keys, camera button',
 '1',
'Android',
'420 hours',
'7 hours',
'Lithium Ion (Li-Ion) (1300 mAH)',
'3',
'0',
'GSM: 850, 900, 1800, 1900  UMTS: Yes',
true,
false,
'1',
'The T-Mobile G1 was the world''s first Android-powered phone. Launched nearly two years ago, it created an entirely new class of mobile phones and apps. Its successor, the T-Mobile G2 with Google, will continue the revolution.\n\nThe T-Mobile G2 will deliver tight integration with Google services and break new ground as the first smartphone designed to run at 4G speeds on our new HSPA+ network.',
'WVGA (800 x 480)',
'3.7 inches',
true,
true,
'1',
'800 MHz Qualcomm® Snapdragon™ MSM7230',
false,
true,
'0',
'323',
'T-Mobile G2',
'180.0 grams',
'4000MB',
'512MB'
),

   ('MOTOBLUR-enabled; battery manager; seven home screens; customize by moving or resizing widgets; Android HTML WebKit w/Flash Lite; BACKTRACK™ navigation pad behind screen',
 '0',
'MOTOBLUR',
'267 hours',
'5 hours',
'Lithium Ion (Li-Ion) (1170 mAH)',
'1',
'1',
'WCDMA 1700/2100, GSM 850/900/1800/1900, HSDPA 3.6 Mbps (Category 5/6), EDGE Class 12, GPRS Class 12',
true,
false,
'0',
'Motorola CHARM fits easily in your pocket or palm. Includes MOTOBLUR so you can sync and merge your contacts, emails, messages and posts with continuous updates and back-ups.',
'QVGA (320 x 240)',
'2.8 inches',
true,
true,
'1',
'600 MHz',
false,
true,
'0',
'324',
'Motorola CHARM™ with MOTOBLUR™',
'110.0 grams',
'150MB',
'512MB'
);


INSERT INTO `Phone` (`age`, `carrier`, `id`, `imageUrl`, `name`, `snippet`, `phonedetail_id`) VALUES
  ('0',
   '',
   '123',
   'img/phones/motorola-xoom-with-wi-fi.0.jpg',
   'Motorola XOOM™ with Wi-Fi',
   'The Next, Next Generation\r\n\r\nExperience the future with Motorola XOOM with Wi-Fi, the world''s first tablet powered by Android 3.0 (Honeycomb).',
   '123'
),
  ('1',
   '',
   '124',
   'img/phones/motorola-xoom.0.jpg',
   'MOTOROLA XOOM™',
   'The Next, Next Generation\n\nExperience the future with MOTOROLA XOOM, the world''s first tablet powered by Android 3.0 (Honeycomb).',
   '124'
  ),
  ('2',
   'AT&T',
   '125',
   'img/phones/motorola-atrix-4g.0.jpg',
   'MOTOROLA ATRIX™ 4G',
   'MOTOROLA ATRIX 4G the world''s most powerful smartphone.',
   '125'
),
  ('3',
   '',
   '126',
   'img/phones/dell-streak-7.0.jpg',
   'Dell Streak 7',
   'Introducing Dell™ Streak 7. Share photos, videos and movies together. It’s small enough to carry around, big enough to gather around.',
   '126'
),
  ('4',
   'Cellular South',
   '127',
   'img/phones/samsung-gem.0.jpg',
   'Samsung Gem™',
   'The Samsung Gem™ brings you everything that you would expect and more from a touch display smart phone – more apps, more features and a more affordable price.',
   '127'
),
  ('5',
   'Dell',
   '128',
   'img/phones/dell-venue.0.jpg',
   'Dell Venue',
   'The Dell Venue; Your Personal Express Lane to Everything',
   '128'
),
  ('6',
   'Best Buy',
   '129',
   'img/phones/nexus-s.0.jpg',
   'Nexus S',
   'Fast just got faster with Nexus S. A pure Google experience, Nexus S is the first phone to run Gingerbread (Android 2.3), the fastest version of Android yet.',
   '129'
),
  ('7',
   'Cellular South',
   '221',
   'img/phones/lg-axis.0.jpg',
   'LG Axis',
   'Android Powered, Google Maps Navigation, 5 Customizable Home Screens',
   '221'
),
  ('8',
   '',
   '222',
   'img/phones/samsung-galaxy-tab.0.jpg',
   'Samsung Galaxy Tab™',
   'Feel Free to Tab™. The Samsung Galaxy Tab™ brings you an ultra-mobile entertainment experience through its 7” display, high-power processor and Adobe® Flash® Player compatibility.',
   '222'
),
  ('9',
   'Cellular South',
   '223',
   'img/phones/samsung-showcase-a-galaxy-s-phone.0.jpg',
   'Samsung Showcase™ a Galaxy S™ phone',
   'The Samsung Showcase™ delivers a cinema quality experience like you’ve never seen before. Its innovative 4” touch display technology provides rich picture brilliance, even outdoors',
   '223'
),
  ('10',
   'Verizon',
   '224',
   'img/phones/droid-2-global-by-motorola.0.jpg',
   'DROID™ 2 Global by Motorola',
   'The first smartphone with a 1.2 GHz processor and global capabilities.',
   '224'
),
  ('11',
   'Verizon',
   '225',
   'img/phones/droid-pro-by-motorola.0.jpg',
   'DROID™ Pro by Motorola',
   'The next generation of DOES.',
   '225'
),

  ('12',
   'AT&T',
   '226',
   'img/phones/motorola-bravo-with-motoblur.0.jpg',
   'MOTOROLA BRAVO™ with MOTOBLUR™',
   'An experience to cheer about.',
   '226'
),
  ('13',
   'T-Mobile',
   '227',
   'img/phones/motorola-defy-with-motoblur.0.jpg',
   'Motorola DEFY™ with MOTOBLUR™',
   'Are you ready for everything life throws your way?',
   '227'
),
  ('14',
   'T-Mobile',
   '228',
   'img/phones/t-mobile-mytouch-4g.0.jpg',
   'T-Mobile myTouch 4G',
   'The T-Mobile myTouch 4G is a premium smartphone designed to deliver blazing fast 4G speeds so that you can video chat from practically anywhere, with or without Wi-Fi.',
   '228'
),
  ('15',
   'US Cellular',
   '229',
   'img/phones/samsung-mesmerize-a-galaxy-s-phone.0.jpg',
   'Samsung Mesmerize™ a Galaxy S™ phone',
   'The Samsung Mesmerize™ delivers a cinema quality experience like you’ve never seen before. Its innovative 4” touch display technology provides rich picture brilliance,even outdoors',
   '229'
),
  ('16',
   'Sprint',
   '321',
   'img/phones/sanyo-zio.0.jpg',
   'SANYO ZIO',
   'The Sanyo Zio by Kyocera is an Android smartphone with a combination of ultra-sleek styling, strong performance and unprecedented value.',
   '321'
),
  ('17',
   '',
   '322',
   'img/phones/samsung-transform.0.jpg',
   'Samsung Transform™',
   'The Samsung Transform™ brings you a fun way to customize your Android powered touch screen phone to just the way you like it through your favorite themed “Sprint ID Service Pack”.',
   '322'
),
  ('18',
   '',
   '323',
   'img/phones/t-mobile-g2.0.jpg',
   'T-Mobile G2',
   'The T-Mobile G2 with Google is the first smartphone built for 4G speeds on T-Mobile''s new network. Get the information you need, faster than you ever thought possible.',
   '323'
),
('19',
'',
'324',
'img/phones/motorola-charm-with-motoblur.0.jpg',
'Motorola CHARM™ with MOTOBLUR™',
'Motorola CHARM fits easily in your pocket or palm.  Includes MOTOBLUR service.',
'324'
);

INSERT INTO `availability` (`id`, `name`) VALUES
  ('0000', ''),
  ('1111', 'Verizon'),
  ('2222', 'AT&T'),
  ('3333', 'T-Mobile'),
  ('4444', 'Cellular South'),
  ('5555', 'KT'),
  ('7777', 'Sprint'),
  ('8888', 'US Cellular'),
  ('9999', 'Telus'),
  ('1122', 'M1'),
  ('1133', 'O2'),
  ('1144', 'Orange'),
  ('1155', 'Singtel'),
  ('1166', 'StarHub'),
  ('1177', 'T-Mobile'),
  ('1188', 'Vodafone'),
  ('1199', 'SFR');
INSERT INTO `phone_availability` (`phonedetail_id`, `availability_id`) VALUES
  ('123', '0000'),
  ('124', '1111'),
  ('125', '2222'),
  ('126', '3333'),
  ('127', '4444'),

  ('128', '2222'),
  ('128', '5555'),
  ('128', '3333'),

  ('129', '1122'),
  ('129', '1133'),
  ('129', '1144'),
  ('129', '1155'),
  ('129', '1166'),
  ('129', '1177'),
  ('129', '1188'),

  ('221', '4444'),

  ('222', '2222'),
  ('222', '7777'),
  ('222', '3333'),
  ('222', '1111'),

  ('223', '4444'),
  ('224', '1111'),
  ('225', '1111'),
  ('226', '2222'),

  ('227', '1199'),
  ('227', '3333'),
  ('227', '1188'),

  ('228', '3333'),
  ('229', '8888'),
  ('321', '7777'),
  ('322', '7777'),
  ('323', '3333'),

  ('324', '3333'),
  ('324', '9999');
INSERT INTO `features` (`id`, `name`) VALUES
  ('11011', 'Flash'),
  ('22022', 'Video'),
  ('33033', '');
INSERT INTO `phone_features` (`phonedetail_id`, `features_id`) VALUES
  ('123', '11011'),
  ('123', '22022'),

  ('124', '11011'),
  ('124', '22022'),
  ('125', '33033'),

  ('126', '11011'),
  ('126', '22022'),

  ('127', '33033'),

  ('128', '11011'),
  ('128', '22022'),

  ('129', '11011'),
  ('129', '22022'),

  ('221', '11011'),
  ('221', '22022'),

  ('222', '11011'),
  ('222', '22022'),


  ('223', '11011'),
  ('223', '22022'),

  ('224', '11011'),
  ('224', '22022'),

  ('225', '11011'),
  ('225', '22022'),

  ('226', '22022'),

  ('227', '11011'),
  ('227', '22022'),

  ('228', '11011'),
  ('228', '22022'),

  ('229', '11011'),
  ('229', '22022'),
  ('321', '22022'),

  ('322', '11011'),
  ('322', '22022'),

  ('323', '11011'),
  ('323', '22022'),

  ('324', '22022');


INSERT INTO `images` (`id`, `name`) VALUES
  ('1', 'img/phones/motorola-xoom-with-wi-fi.0.jpg'),
  ('2', 'img/phones/motorola-xoom-with-wi-fi.1.jpg'),
  ('3', 'img/phones/motorola-xoom-with-wi-fi.2.jpg'),
  ('4', 'img/phones/motorola-xoom-with-wi-fi.3.jpg'),
  ('5', 'img/phones/motorola-xoom-with-wi-fi.4.jpg'),
  ('6', 'img/phones/motorola-xoom-with-wi-fi.5.jpg'),

  ('7', 'img/phones/motorola-xoom.0.jpg'),
  ('8', 'img/phones/motorola-xoom.1.jpg'),
  ('9', 'img/phones/motorola-xoom.2.jpg'),

  ('10', 'img/phones/motorola-atrix-4g.0.jpg'),
  ('11', 'img/phones/motorola-atrix-4g.1.jpg'),
  ('12', 'img/phones/motorola-atrix-4g.2.jpg'),
  ('13', 'img/phones/motorola-atrix-4g.3.jpg'),

  ('14', 'img/phones/dell-streak-7.0.jpg'),
  ('15', 'img/phones/dell-streak-7.1.jpg'),
  ('16', 'img/phones/dell-streak-7.2.jpg'),
  ('17', 'img/phones/dell-streak-7.3.jpg'),
  ('18', 'img/phones/dell-streak-7.4.jpg'),

  ('19', 'img/phones/samsung-gem.0.jpg'),
  ('20', 'img/phones/samsung-gem.1.jpg'),
  ('21', 'img/phones/samsung-gem.2.jpg'),

  ('22', 'img/phones/dell-venue.0.jpg'),
  ('23', 'img/phones/dell-venue.1.jpg'),
  ('24', 'img/phones/dell-venue.2.jpg'),
  ('25', 'img/phones/dell-venue.3.jpg'),
  ('26', 'img/phones/dell-venue.4.jpg'),
  ('27', 'img/phones/dell-venue.5.jpg'),

  ('28', 'img/phones/nexus-s.0.jpg'),
  ('29', 'img/phones/nexus-s.1.jpg'),
  ('30', 'img/phones/nexus-s.2.jpg'),
  ('31', 'img/phones/nexus-s.3.jpg'),

  ('32', 'img/phones/lg-axis.0.jpg'),
  ('33', 'img/phones/lg-axis.1.jpg'),
  ('34', 'img/phones/lg-axis.2.jpg'),

  ('35', 'img/phones/samsung-galaxy-tab.0.jpg'),
  ('36', 'img/phones/samsung-galaxy-tab.1.jpg'),
  ('37', 'img/phones/samsung-galaxy-tab.2.jpg'),
  ('38', 'img/phones/samsung-galaxy-tab.3.jpg'),
  ('39', 'img/phones/samsung-galaxy-tab.4.jpg'),
  ('40', 'img/phones/samsung-galaxy-tab.5.jpg'),
  ('41', 'img/phones/samsung-galaxy-tab.6.jpg'),

  ('42', 'img/phones/samsung-showcase-a-galaxy-s-phone.0.jpg'),
  ('43', 'img/phones/samsung-showcase-a-galaxy-s-phone.1.jpg'),
  ('44', 'img/phones/samsung-showcase-a-galaxy-s-phone.2.jpg'),

  ('45', 'img/phones/droid-2-global-by-motorola.0.jpg'),
  ('46', 'img/phones/droid-2-global-by-motorola.1.jpg'),
  ('47', 'img/phones/droid-2-global-by-motorola.2.jpg'),

  ('48', 'img/phones/droid-pro-by-motorola.0.jpg'),
  ('49', 'img/phones/droid-pro-by-motorola.1.jpg'),

  ('50', 'img/phones/motorola-bravo-with-motoblur.0.jpg'),
  ('51', 'img/phones/motorola-bravo-with-motoblur.1.jpg'),
  ('52', 'img/phones/motorola-bravo-with-motoblur.2.jpg'),

  ('53', 'img/phones/motorola-defy-with-motoblur.0.jpg'),
  ('54', 'img/phones/motorola-defy-with-motoblur.1.jpg'),
  ('55', 'img/phones/motorola-defy-with-motoblur.2.jpg'),

  ('56', 'img/phones/t-mobile-mytouch-4g.0.jpg'),
  ('57', 'img/phones/t-mobile-mytouch-4g.1.jpg'),
  ('58', 'img/phones/t-mobile-mytouch-4g.2.jpg'),
  ('59', 'img/phones/t-mobile-mytouch-4g.3.jpg'),
  ('60', 'img/phones/t-mobile-mytouch-4g.4.jpg'),
  ('61', 'img/phones/t-mobile-mytouch-4g.5.jpg'),

  ('62', 'img/phones/samsung-mesmerize-a-galaxy-s-phone.0.jpg'),
  ('63', 'img/phones/samsung-mesmerize-a-galaxy-s-phone.1.jpg'),
  ('64', 'img/phones/samsung-mesmerize-a-galaxy-s-phone.2.jpg'),
  ('65', 'img/phones/samsung-mesmerize-a-galaxy-s-phone.3.jpg'),

  ('66', 'img/phones/sanyo-zio.0.jpg'),
  ('67', 'img/phones/sanyo-zio.1.jpg'),
  ('68', 'img/phones/sanyo-zio.2.jpg'),

  ('69', 'img/phones/samsung-transform.0.jpg'),
  ('70', 'img/phones/samsung-transform.1.jpg'),
  ('71', 'img/phones/samsung-transform.2.jpg'),
  ('72', 'img/phones/samsung-transform.3.jpg'),
  ('73', 'img/phones/samsung-transform.4.jpg'),

  ('74', 'img/phones/t-mobile-g2.0.jpg'),
  ('75', 'img/phones/t-mobile-g2.1.jpg'),
  ('76', 'img/phones/t-mobile-g2.2.jpg'),

  ('77', 'img/phones/motorola-charm-with-motoblur.0.jpg'),
  ('78', 'img/phones/motorola-charm-with-motoblur.1.jpg'),
  ('79', 'img/phones/motorola-charm-with-motoblur.2.jpg');

INSERT INTO `phone_images` (`phonedetail_id`, `images_id`) VALUES
  ('123', '1'),
  ('123', '2'),
  ('123', '3'),
  ('123', '4'),
  ('123', '5'),
  ('123', '6'),

  ('124', '7'),
  ('124', '8'),
  ('124', '9'),

  ('125', '10'),
  ('125', '11'),
  ('125', '12'),
  ('125', '13'),

  ('126', '14'),
  ('126', '15'),
  ('126', '16'),
  ('126', '17'),
  ('126', '18'),

  ('127', '19'),
  ('127', '20'),
  ('127', '21'),

  ('128', '22'),
  ('128', '23'),
  ('128', '24'),
  ('128', '25'),
  ('128', '26'),
  ('128', '27'),

  ('129', '28'),
  ('129', '29'),
  ('129', '30'),
  ('129', '31'),

  ('221', '32'),
  ('221', '33'),
  ('221', '34'),

  ('222', '35'),
  ('222', '36'),
  ('222', '37'),
  ('222', '38'),
  ('222', '39'),
  ('222', '40'),
  ('222', '41'),

  ('223', '42'),
  ('223', '43'),
  ('223', '44'),

  ('224', '45'),
  ('224', '46'),
  ('224', '47'),

  ('225', '48'),
  ('225', '49'),

  ('226', '50'),
  ('226', '51'),
  ('226', '52'),

  ('227', '53'),
  ('227', '54'),
  ('227', '55'),

  ('228', '56'),
  ('228', '57'),
  ('228', '58'),
  ('228', '59'),
  ('228', '60'),
  ('228', '61'),

  ('229', '62'),
  ('229', '63'),
  ('229', '64'),
  ('229', '65'),

  ('321', '66'),
  ('321', '67'),
  ('321', '68'),

  ('322', '69'),
  ('322', '70'),
  ('322', '71'),
  ('322', '72'),
  ('322', '73'),

  ('323', '74'),
  ('323', '75'),
  ('323', '76'),

  ('324', '77'),
  ('324', '78'),
  ('324', '79');

/*
INSERT INTO `dimensions` (`id`, `name`) VALUES
  ('551', '249.1 mm (w)'),
  ('552', '167.8 mm (h)'),
  ('553', '12.9 mm (d)'),
  ('554', '249.0 mm (w)'),
  ('555', '168.0 mm (h)'),
  ('556', '12.7 mm (d)'),
  ('557', '63.5 mm (w)'),
  ('558', '117.75 mm (h)'),
  ('559', '10.95 mm (d)'),
  ('561', '199.9 mm (w)'),
  ('562', '119.8 mm (h)'),
  ('563', '12.4 mm (d)'),
  ('564', '55.5 mm (w)'),
  ('565', '113.0 mm (h)'),
  ('566', '12.4 mm (d)'),
  ('567', '64.0 mm (w)'),
  ('568', '121.0 mm (h)'),
  ('569', '12.9 mm (d)'),
  ('611', '63.0 mm (w)'),
  ('612', '123.9 mm (h)'),
  ('613', '10.88 mm (d)'),
  ('614', '56.0 mm (w)'),
  ('615', '116.0 mm (h)'),
  ('616', '16.0 mm (d)'),
  ('617', '120.39 mm (w)'),
  ('618', '189.99 mm (h)'),
  ('619', '11.9 mm (d)'),
  ('621', '64.2 mm (w)'),
  ('622', '125.0 mm (h)'),
  ('623', '9.97 mm (d)'),
  ('624', '60.5 mm (w)'),
  ('625', '116.3 mm (h)'),
  ('626', '13.7 mm (d)'),
  ('627', '61.0 mm (w)'),
  ('628', '119.0 mm (h)'),
  ('629', '11.7 mm (d)'),
  ('631', '63.0 mm (w)'),
  ('632', '109.0 mm (h)'),
  ('633', '13.3 mm (d)'),
  ('634', '59.0 mm (w)'),
  ('635', '107.0 mm (h)'),
  ('636', '13.4 mm (d)'),
  ('637', '62.5 mm (w)'),
  ('638', '122.0 mm (h)'),
  ('639', '11.0 mm (d)'),
  ('641', '64.2 mm (w)'),
  ('642', '125.0 mm (h)'),
  ('643', '9.97 mm (d)'),
  ('644', '58.6 mm (w)'),
  ('645', '116.0 mm (h)'),
  ('646', '12.2 mm (d)'),
  ('647', '61.5 mm (w)'),
  ('648', '117.0 mm (h)'),
  ('649', '15.3 mm (d)'),
  ('651', '60.4 mm (w)'),
  ('652', '119.0 mm (h)'),
  ('653', '14.2 mm (d)'),
  ('654', '67.2 mm (w)'),
  ('655', '98.4 mm (h)'),
  ('656', '11.4 mm (d)');
*/

INSERT INTO `dimensions` (`name`) VALUES
  ('249.1 mm (w)'),
  ('167.8 mm (h)'),
  ('12.9 mm (d)'),

  ('249.0 mm (w)'),
  ('168.0 mm (h)'),
  ('12.7 mm (d)'),

  ('63.5 mm (w)'),
  ('117.75 mm (h)'),
  ('10.95 mm (d)'),

  ('199.9 mm (w)'),
  ('119.8 mm (h)'),
  ('12.4 mm (d)'),

  ('55.5 mm (w)'),
  ('113.0 mm (h)'),
  ('12.4 mm (d)'),

  ('64.0 mm (w)'),
  ('121.0 mm (h)'),
  ('12.9 mm (d)'),

  ('63.0 mm (w)'),
  ('123.9 mm (h)'),
  ('10.88 mm (d)'),

  ('56.0 mm (w)'),
  ('116.0 mm (h)'),
  ('16.0 mm (d)'),

  ('120.39 mm (w)'),
  ('189.99 mm (h)'),
  ('11.9 mm (d)'),

  ('64.2 mm (w)'),
  ('125.0 mm (h)'),
  ('9.97 mm (d)'),

  ('60.5 mm (w)'),
  ('116.3 mm (h)'),
  ('13.7 mm (d)'),

  ('61.0 mm (w)'),
  ('119.0 mm (h)'),
  ('11.7 mm (d)'),

  ('63.0 mm (w)'),
  ('109.0 mm (h)'),
  ('13.3 mm (d)'),

  ('59.0 mm (w)'),
  ('107.0 mm (h)'),
  ('13.4 mm (d)'),

  ('62.5 mm (w)'),
  ('122.0 mm (h)'),
  ('11.0 mm (d)'),

  ('64.2 mm (w)'),
  ('125.0 mm (h)'),
  ('9.97 mm (d)'),

  ('58.6 mm (w)'),
  ('116.0 mm (h)'),
  ('12.2 mm (d)'),

  ('61.5 mm (w)'),
  ('117.0 mm (h)'),
  ('15.3 mm (d)'),

  ('60.4 mm (w)'),
  ('119.0 mm (h)'),
  ('14.2 mm (d)'),

  ('67.2 mm (w)'),
  ('98.4 mm (h)'),
  ('11.4 mm (d)');

/*
INSERT INTO `phone_dimensions` (`phonedetail_id`, `dimensions_id`) VALUES
  ('123', '1'),
  ('123', '2'),
  ('123', '3'),
  ('124', '4'),
  ('124', '5'),
  ('124', '6'),
  ('125', '7'),
  ('125', '8'),
  ('125', '9'),
  ('126', '10'),
  ('126', '11'),
  ('126', '12'),
  ('127', '13'),
  ('127', '14'),
  ('127', '15'),
  ('128', '16'),
  ('128', '17'),
  ('128', '18'),
  ('129', '19'),
  ('129', '20'),
  ('129', '21'),
  ('221', '22'),
  ('221', '23'),
  ('221', '24'),
  ('222', '25'),
  ('222', '26'),
  ('222', '27'),
  ('223', '28'),
  ('223', '29'),
  ('223', '30'),
  ('224', '31'),
  ('224', '32'),
  ('224', '33'),
  ('225', '34'),
  ('225', '35'),
  ('225', '36'),
  ('226', '37'),
  ('226', '38'),
  ('226', '39'),
  ('227', '40'),
  ('227', '41'),
  ('227', '42'),
  ('228', '43'),
  ('228', '44'),
  ('228', '45'),
  ('229', '46'),
  ('229', '47'),
  ('229', '48'),
  ('321', '49'),
  ('321', '50'),
  ('321', '51'),
  ('322', '52'),
  ('322', '53'),
  ('322', '54'),
  ('323', '55'),
  ('323', '56'),
  ('323', '57'),
  ('324', '58'),
  ('324', '59'),
  ('324', '60');
*/

INSERT INTO `phone_dimensions` (`phonedetail_id`) VALUES
  ('123'),
  ('123'),
  ('123'),

  ('124'),
  ('124'),
  ('124'),

  ('125'),
  ('125'),
  ('125'),

  ('126'),
  ('126'),
  ('126'),

  ('127'),
  ('127'),
  ('127'),

  ('128'),
  ('128'),
  ('128'),

  ('129'),
  ('129'),
  ('129'),

  ('221'),
  ('221'),
  ('221'),

  ('222'),
  ('222'),
  ('222'),


  ('223'),
  ('223'),
  ('223'),

  ('224'),
  ('224'),
  ('224'),

  ('225'),
  ('225'),
  ('225'),

  ('226'),
  ('226'),
  ('226'),

  ('227'),
  ('227'),
  ('227'),

  ('228'),
  ('228'),
  ('228'),

  ('229'),
  ('229'),
  ('229'),

  ('321'),
  ('321'),
  ('321'),

  ('322'),
  ('322'),
  ('322'),

  ('323'),
  ('323'),
  ('323'),

  ('324'),
  ('324'),
  ('324');
